('9177818662', '+777818662', 'RU', 'RU')
('9996418556', '+79996418556', 'RU', 'RU')
('4110445871', '+710445871', 'RU', 'RU')
('7292279704', '+7292279704', 'KZ', 'KZ')
('9006397551', '+706397551', 'RU', 'RU')
('9844049414', '+744049414', 'RU', 'RU')
('9180337282', '+780337282', 'RU', 'RU')
('9432942965', '+732942965', 'RU', 'RU')
('9815911454', '+715911454', 'RU', 'RU')
('8040890901', '+78040890901', 'RU', 'RU')
('9586744959', '+786744959', 'RU', 'RU')
('7004659447', '+7004659447', 'KZ', 'KZ')
('9064264858', '+764264858', 'RU', 'RU')
('7635336168', '+7635336168', 'KZ', 'KZ')
('8483316843', '+783316843', 'RU', 'RU')
('8318410057', '+78318410057', 'RU', 'RU')
('7478688153', '+7478688153', 'KZ', 'KZ')
('8478373915', '+778373915', 'RU', 'RU')
('8033091224', '+78033091224', 'RU', 'RU')
('8131762141', '+731762141', 'RU', 'RU')
('9944720313', '+74720313', 'RU', 'RU')
('4856875579', '+756875579', 'RU', 'RU')
('4273208908', '+74273208908', 'RU', 'RU')
('9491217644', '+791217644', 'RU', 'RU')
('8674888521', '+774888521', 'RU', 'RU')
('9805428016', '+705428016', 'RU', 'RU')
('9840032727', '+740032727', 'RU', 'RU')
('88697283768', '+797283768', 'RU', 'RU')
('39348012134', '+39348012134', 'IT', 'IT')
('9470513203', '+770513203', 'RU', 'RU')
('+62-815912315', '+62815912315', 'ID', 'ID')
('+35840736082', '+35840736082', 'FI', 'FI')
('8317797081', '+78317797081', 'RU', 'RU')
('9208577293', '+708577293', 'RU', 'RU')
('43676544625', '+43676544625', 'AT', 'AT')
('9162467691', '+762467691', 'RU', 'RU')
('9056568819', '+756568819', 'RU', 'RU')
('9281751251', '+781751251', 'RU', 'RU')
('4163249131', '+763249131', 'RU', 'RU')
('+27 82 056 211', '+2782056211', 'ZA', 'ZA')
('4833468615', '+733468615', 'RU', 'RU')
('3523512355', '+73512355', 'RU', 'RU')
('4945385340', '+74538534', 'RU', 'RU')
('9785946108', '+79785946108', 'RU', 'RU')
('8630303152', '+730303152', 'RU', 'RU')
('9101527352', '+701527352', 'RU', 'RU')
('3883993643', '+73883993643', 'RU', 'RU')
('9008845798', '+708845798', 'RU', 'RU')
('4999253957', '+799253957', 'RU', 'RU')
('4139753505', '+739753505', 'RU', 'RU')
('9916722996', '+79916722996', 'RU', 'RU')
('7112184414', '+7112184414', 'KZ', 'KZ')
('7018518581', '+7018518581', 'KZ', 'KZ')
('9721792666', '+71792666', 'RU', 'RU')
('8160264580', '+76026458', 'RU', 'RU')
('4267915140', '+7426791514', 'RU', 'RU')
('8176413350', '+77641335', 'RU', 'RU')
('9721483511', '+71483511', 'RU', 'RU')
('3519269675', '+79269675', 'RU', 'RU')
('7607795305', '+7607795305', 'KZ', 'KZ')
('9260297995', '+760297995', 'RU', 'RU')
('3915880177', '+715880177', 'RU', 'RU')
('8771323188', '+78771323188', 'RU', 'RU')
('9025421386', '+725421386', 'RU', 'RU')
('9325781608', '+725781608', 'RU', 'RU')
('8692438545', '+792438545', 'RU', 'RU')
('9294199306', '+794199306', 'RU', 'RU')
('4274680218', '+74274680218', 'RU', 'RU')
('9211046405', '+711046405', 'RU', 'RU')
('4212208915', '+72208915', 'RU', 'RU')
('4018455565', '+718455565', 'RU', 'RU')
('7637530986', '+7637530986', 'KZ', 'KZ')
('9351822554', '+751822554', 'RU', 'RU')
('8170662961', '+770662961', 'RU', 'RU')
('9045356284', '+745356284', 'RU', 'RU')
('9103943771', '+703943771', 'RU', 'RU')
('8723693758', '+78723693758', 'RU', 'RU')
('7084208131', '+7084208131', 'KZ', 'KZ')
('8512501015', '+78512501015', 'RU', 'RU')
('9620514021', '+70514021', 'RU', 'RU')
('8784868810', '+7878486881', 'RU', 'RU')
('9538528003', '+738528003', 'RU', 'RU')
('9276000144', '+776000144', 'RU', 'RU')
('9505010703', '+705010703', 'RU', 'RU')
('7518593743', '+7518593743', 'KZ', 'KZ')
('7001653247', '+7001653247', 'KZ', 'KZ')
('8140123151', '+740123151', 'RU', 'RU')
('9032021733', '+732021733', 'RU', 'RU')
('8204285638', '+704285638', 'RU', 'RU')
('8315393969', '+78315393969', 'RU', 'RU')
('3824179408', '+74179408', 'RU', 'RU')
('8407058178', '+707058178', 'RU', 'RU')
('8092925597', '+78092925597', 'RU', 'RU')
('8138257520', '+73825752', 'RU', 'RU')
('7614517398', '+7614517398', 'KZ', 'KZ')
('8725297067', '+78725297067', 'RU', 'RU')
('9095925660', '+79592566', 'RU', 'RU')
('9689917912', '+79917912', 'RU', 'RU')
('8146852261', '+746852261', 'RU', 'RU')
('9627171069', '+77171069', 'RU', 'RU')
('4850747096', '+750747096', 'RU', 'RU')
('9817435418', '+717435418', 'RU', 'RU')
('7765126410', '+776512641', 'KZ', 'KZ')
('3410269462', '+710269462', 'RU', 'RU')
('9192393094', '+792393094', 'RU', 'RU')
('8212245460', '+71224546', 'RU', 'RU')
('4714106644', '+714106644', 'RU', 'RU')
('9032420099', '+732420099', 'RU', 'RU')
('7060115248', '+7060115248', 'KZ', 'KZ')
('9288788992', '+788788992', 'RU', 'RU')
('9314450002', '+714450002', 'RU', 'RU')
('9038689226', '+738689226', 'RU', 'RU')
('9537840142', '+737840142', 'RU', 'RU')
('9073537862', '+773537862', 'RU', 'RU')
('8110837921', '+710837921', 'RU', 'RU')
('8361476070', '+7836147607', 'RU', 'RU')
('8355389322', '+78355389322', 'RU', 'RU')
('9824334872', '+724334872', 'RU', 'RU')
('8172066458', '+772066458', 'RU', 'RU')
('4736705919', '+736705919', 'RU', 'RU')
('7715829109', '+7715829109', 'KZ', 'KZ')
('7618614368', '+7618614368', 'KZ', 'KZ')
('3846316570', '+7384631657', 'RU', 'RU')
('4113279761', '+713279761', 'RU', 'RU')
('9044023576', '+744023576', 'RU', 'RU')
('8639506443', '+739506443', 'RU', 'RU')
('951352798', '+951352798', 'MM', 'MM')
('+628788463036', '+628788463036', 'ID', 'ID')
('9796106902', '+79796106902', 'RU', 'RU')
('3650350519', '+750350519', 'RU', 'RU')
('3820980434', '+70980434', 'RU', 'RU')
('4013871335', '+713871335', 'RU', 'RU')
('7611811257', '+7611811257', 'KZ', 'KZ')
('8331711905', '+78331711905', 'RU', 'RU')
('9988791967', '+78791967', 'RU', 'RU')
('3425721427', '+725721427', 'RU', 'RU')
('8347918308', '+78347918308', 'RU', 'RU')
('8776027672', '+78776027672', 'RU', 'RU')
('8182620746', '+782620746', 'RU', 'RU')
('9008806604', '+708806604', 'RU', 'RU')
('8794663834', '+78794663834', 'RU', 'RU')
('7050193956', '+7050193956', 'KZ', 'KZ')
('4238585570', '+7858557', 'RU', 'RU')
('3510569875', '+70569875', 'RU', 'RU')
('9522733343', '+722733343', 'RU', 'RU')
('9280495045', '+780495045', 'RU', 'RU')
('3474212690', '+77421269', 'RU', 'RU')
('8488228594', '+788228594', 'RU', 'RU')
('9333712123', '+733712123', 'RU', 'RU')
('9458221304', '+758221304', 'RU', 'RU')
('9243451897', '+743451897', 'RU', 'RU')
('9603394666', '+73394666', 'RU', 'RU')
('8365643697', '+78365643697', 'RU', 'RU')
('8423842104', '+723842104', 'RU', 'RU')
('9258099426', '+758099426', 'RU', 'RU')
('7753224078', '+7753224078', 'KZ', 'KZ')
('8632525239', '+732525239', 'RU', 'RU')
('7608660426', '+7608660426', 'KZ', 'KZ')
('8720252132', '+78720252132', 'RU', 'RU')
('9169406019', '+769406019', 'RU', 'RU')
('3914617821', '+714617821', 'RU', 'RU')
('8634456775', '+734456775', 'RU', 'RU')
('7621900499', '+7621900499', 'KZ', 'KZ')
('9773234385', '+73234385', 'RU', 'RU')
('4159289882', '+759289882', 'RU', 'RU')
('8692385354', '+792385354', 'RU', 'RU')
('9185948194', '+785948194', 'RU', 'RU')
('9603691408', '+73691408', 'RU', 'RU')
('8456837169', '+756837169', 'RU', 'RU')
('13265424559', '+13265424559', 'US', 'US')
('9137003522', '+737003522', 'RU', 'RU')
('7753744237', '+7753744237', 'KZ', 'KZ')
('+358 40704004', '+35840704004', 'FI', 'FI')
('7787803477', '+7787803477', 'KZ', 'KZ')
('7859544826', '+7859544826', 'KZ', 'KZ')
('+2782493696', '+2782493696', 'ZA', 'ZA')
('9168879226', '+768879226', 'RU', 'RU')
('9227034756', '+727034756', 'RU', 'RU')
('4236729419', '+76729419', 'RU', 'RU')
('9866084586', '+766084586', 'RU', 'RU')
('8514409415', '+78514409415', 'RU', 'RU')
('8087364639', '+78087364639', 'RU', 'RU')
('9183796881', '+783796881', 'RU', 'RU')
('9464185627', '+764185627', 'RU', 'RU')
('+49694300952', '+49694300952', 'DE', 'DE')
('13203719536', '+13203719536', 'US', 'US')
('4945695387', '+745695387', 'RU', 'RU')
('+3522681088', '+3522681088', 'LU', 'LU')
('7153685288', '+7153685288', 'KZ', 'KZ')
('67752865', '+67752865', 'SB', 'SB')
('3475427381', '+775427381', 'RU', 'RU')
('9474739343', '+774739343', 'RU', 'RU')
('7471759941', '+7471759941', 'KZ', 'KZ')
('9865706530', '+76570653', 'RU', 'RU')
('+628212860003', '+628212860003', 'ID', 'ID')
('9109885331', '+709885331', 'RU', 'RU')
('9261578747', '+761578747', 'RU', 'RU')
('4838797422', '+738797422', 'RU', 'RU')
('7645044112', '+7645044112', 'KZ', 'KZ')
('3908039124', '+708039124', 'RU', 'RU')
('9642857685', '+72857685', 'RU', 'RU')
('9972072516', '+79972072516', 'RU', 'RU')
('7604311502', '+7604311502', 'KZ', 'KZ')
('7005277284', '+7005277284', 'KZ', 'KZ')
('9030488952', '+730488952', 'RU', 'RU')
('9694774963', '+79694774963', 'RU', 'RU')
('9665257875', '+75257875', 'RU', 'RU')
('9434489126', '+734489126', 'RU', 'RU')
('956024053', '+956024053', 'MM', 'MM')
('39388386572', '+39388386572', 'IT', 'IT')
('9140329861', '+740329861', 'RU', 'RU')
('630297662', '+630297662', 'PH', 'PH')
('3814111336', '+74111336', 'RU', 'RU')
('8777855628', '+78777855628', 'RU', 'RU')
('9245825933', '+745825933', 'RU', 'RU')
('3424712446', '+724712446', 'RU', 'RU')
('3651735299', '+751735299', 'RU', 'RU')
('8775300969', '+78775300969', 'RU', 'RU')
('8726612511', '+78726612511', 'RU', 'RU')
('4868285800', '+7682858', 'RU', 'RU')
('+436647382213', '+436647382213', 'AT', 'AT')
('+38162892928', '+38162892928', 'RS', 'RS')
('3531424184', '+71424184', 'RU', 'RU')
('+43676944451', '+43676944451', 'AT', 'AT')
('95230258', '+95230258', 'MM', 'MM')
('+49891589208', '+49891589208', 'DE', 'DE')
('+628125278868', '+628125278868', 'ID', 'ID')
('39349352042', '+39349352042', 'IT', 'IT')
('+46 8 644 16 8', '+468644168', 'SE', 'SE')
('+491766012208', '+491766012208', 'DE', 'DE')
('508-422-964', '+508422964', 'PM', 'PM')
('951-541-766', '+951541766', 'MM', 'MM')
('+2782447524', '+2782447524', 'ZA', 'ZA')
('252413364', '+252413364', 'SO', 'SO')
('508-410-331', '+508410331', 'PM', 'PM')
('+43660701010', '+4366070101', 'AT', 'AT')
('+23401342796', '+23401342796', 'NG', 'NG')
('951445256', '+951445256', 'MM', 'MM')
('537268866', '+537268866', 'CU', 'CU')
('+49(0)30.4991385', '+490304991385', 'DE', 'DE')
('+39333132599', '+39333132599', 'IT', 'IT')
('954-377-155', '+954377155', 'MM', 'MM')
('35850572792', '+35850572792', 'FI', 'FI')
('+38163165955', '+38163165955', 'RS', 'RS')
('432-219-122', '+432219122', 'AT', 'AT')
('951443426', '+951443426', 'MM', 'MM')
('+39 070 800009', '+39070800009', 'IT', 'IT')
('951588355', '+951588355', 'MM', 'MM')
('954643948', '+954643948', 'MM', 'MM')
('630240924', '+630240924', 'PH', 'PH')
('954547850', '+95454785', 'MM', 'MM')
('+62812962751', '+62812962751', 'ID', 'ID')
('435229352', '+435229352', 'AT', 'AT')
('4851855635', '+751855635', 'RU', 'RU')
('49918148709', '+49918148709', 'DE', 'DE')
('+39347140420', '+3934714042', 'IT', 'IT')
('630-241-068', '+630241068', 'PH', 'PH')
('+62815182622', '+62815182622', 'ID', 'ID')
('+494350215576', '+494350215576', 'DE', 'DE')
('252405130', '+25240513', 'SO', 'SO')
('951565426', '+951565426', 'MM', 'MM')
('+39391426921', '+39391426921', 'IT', 'IT')
('+49699767115', '+49699767115', 'DE', 'DE')
('+79837823755', '+79837823755', 'RU', 'RU')
('8798954019', '+78798954019', 'RU', 'RU')
('9620200699', '+70200699', 'RU', 'RU')
('958471622', '+958471622', 'MM', 'MM')
('7009920687', '+7009920687', 'KZ', 'KZ')
('4854659328', '+754659328', 'RU', 'RU')
('+820106337353', '+820106337353', 'KR', 'KR')
('9310257528', '+710257528', 'RU', 'RU')
('38111364446', '+38111364446', 'RS', 'RS')
('49813780812', '+49813780812', 'DE', 'DE')
('4112929181', '+712929181', 'RU', 'RU')
('4115244203', '+715244203', 'RU', 'RU')
('9977674434', '+79977674434', 'RU', 'RU')
('9226414015', '+726414015', 'RU', 'RU')
('4959500762', '+759500762', 'RU', 'RU')
('8621233535', '+721233535', 'RU', 'RU')
('+82104630157', '+82104630157', 'KR', 'KR')
('9500757316', '+700757316', 'RU', 'RU')
('4136526793', '+736526793', 'RU', 'RU')
('9945971619', '+75971619', 'RU', 'RU')
('9598120237', '+798120237', 'RU', 'RU')
('8092873756', '+78092873756', 'RU', 'RU')
('9482093065', '+782093065', 'RU', 'RU')
('9030363319', '+730363319', 'RU', 'RU')
('9545156265', '+745156265', 'RU', 'RU')
('8205060396', '+705060396', 'RU', 'RU')
('3845553177', '+73845553177', 'RU', 'RU')
('9433960919', '+733960919', 'RU', 'RU')
('9612539069', '+72539069', 'RU', 'RU')
('4276600101', '+74276600101', 'RU', 'RU')
('9402902856', '+702902856', 'RU', 'RU')
('+628157880099', '+628157880099', 'ID', 'ID')
('9289795320', '+78979532', 'RU', 'RU')
('9716627952', '+76627952', 'RU', 'RU')
('8464920466', '+764920466', 'RU', 'RU')
('9732528358', '+72528358', 'RU', 'RU')
('9546216606', '+746216606', 'RU', 'RU')
('9693098873', '+79693098873', 'RU', 'RU')
('9017500429', '+717500429', 'RU', 'RU')
('7001265004', '+7001265004', 'KZ', 'KZ')
('9624478535', '+74478535', 'RU', 'RU')
('3838029329', '+78029329', 'RU', 'RU')
('7079857115', '+7079857115', 'KZ', 'KZ')
('7773076840', '+777307684', 'KZ', 'KZ')
('9016658255', '+716658255', 'RU', 'RU')
('9519413716', '+719413716', 'RU', 'RU')
('9252755758', '+752755758', 'RU', 'RU')
('9040990348', '+740990348', 'RU', 'RU')
('7024168375', '+7024168375', 'KZ', 'KZ')
('9431657132', '+731657132', 'RU', 'RU')
('7076071620', '+707607162', 'KZ', 'KZ')
('7163274789', '+7163274789', 'KZ', 'KZ')
('4875711296', '+775711296', 'RU', 'RU')
('3885899251', '+73885899251', 'RU', 'RU')
('3467220845', '+767220845', 'RU', 'RU')
('8131173892', '+731173892', 'RU', 'RU')
('8485841752', '+785841752', 'RU', 'RU')
('4952574310', '+75257431', 'RU', 'RU')
('3856902546', '+76902546', 'RU', 'RU')
('8087129956', '+78087129956', 'RU', 'RU')
('8672641422', '+772641422', 'RU', 'RU')
('9293812883', '+793812883', 'RU', 'RU')
('3012750363', '+712750363', 'RU', 'RU')
('8488678736', '+788678736', 'RU', 'RU')
('3855651832', '+75651832', 'RU', 'RU')
('8451364805', '+751364805', 'RU', 'RU')
('9552932277', '+752932277', 'RU', 'RU')
('9587598412', '+787598412', 'RU', 'RU')
('8314803703', '+78314803703', 'RU', 'RU')
('9410412750', '+71041275', 'RU', 'RU')
('9632487593', '+72487593', 'RU', 'RU')
('9697706203', '+79697706203', 'RU', 'RU')
('9383207253', '+783207253', 'RU', 'RU')
('3439702294', '+739702294', 'RU', 'RU')
('7073859854', '+7073859854', 'KZ', 'KZ')
('4819230047', '+719230047', 'RU', 'RU')
('+2782563911', '+2782563911', 'ZA', 'ZA')
('4999803445', '+799803445', 'RU', 'RU')
('9741916384', '+71916384', 'RU', 'RU')
('7242475696', '+7242475696', 'KZ', 'KZ')
('8699681861', '+799681861', 'RU', 'RU')
('4840184452', '+740184452', 'RU', 'RU')
('9296262143', '+796262143', 'RU', 'RU')
('9911331285', '+79911331285', 'RU', 'RU')
('8128938184', '+728938184', 'RU', 'RU')
('9357859716', '+757859716', 'RU', 'RU')
('3013330887', '+713330887', 'RU', 'RU')
('3452023821', '+752023821', 'RU', 'RU')
('9986176610', '+7617661', 'RU', 'RU')
('8675668638', '+775668638', 'RU', 'RU')
('9662484563', '+72484563', 'RU', 'RU')
('9587495030', '+78749503', 'RU', 'RU')
('8344663856', '+78344663856', 'RU', 'RU')
('8460686546', '+760686546', 'RU', 'RU')
('8401719720', '+70171972', 'RU', 'RU')
('8794972163', '+78794972163', 'RU', 'RU')
('8728962727', '+78728962727', 'RU', 'RU')
('9822655577', '+722655577', 'RU', 'RU')
('9082671769', '+782671769', 'RU', 'RU')
('9908964344', '+79908964344', 'RU', 'RU')
('8213755636', '+713755636', 'RU', 'RU')
('8116568868', '+716568868', 'RU', 'RU')
('8359429724', '+78359429724', 'RU', 'RU')
('9339489440', '+73948944', 'RU', 'RU')
('8335847171', '+78335847171', 'RU', 'RU')
('4991063469', '+791063469', 'RU', 'RU')
('9185896581', '+785896581', 'RU', 'RU')
('9487004726', '+787004726', 'RU', 'RU')
('7515422184', '+7515422184', 'KZ', 'KZ')
('9932472300', '+724723', 'RU', 'RU')
('8662794173', '+762794173', 'RU', 'RU')
('8082693743', '+78082693743', 'RU', 'RU')
('9756886921', '+76886921', 'RU', 'RU')
('9524989813', '+724989813', 'RU', 'RU')
('9225274897', '+725274897', 'RU', 'RU')
('9627750886', '+77750886', 'RU', 'RU')
('9914642342', '+79914642342', 'RU', 'RU')
('8469631332', '+769631332', 'RU', 'RU')
('3830410261', '+70410261', 'RU', 'RU')
('9117583016', '+717583016', 'RU', 'RU')
('9061856312', '+761856312', 'RU', 'RU')
('9366090595', '+766090595', 'RU', 'RU')
('8086791267', '+78086791267', 'RU', 'RU')
('7628962489', '+7628962489', 'KZ', 'KZ')
('9794278386', '+79794278386', 'RU', 'RU')
('8113073110', '+71307311', 'RU', 'RU')
('9444791997', '+744791997', 'RU', 'RU')
('9034684342', '+734684342', 'RU', 'RU')
('4753760288', '+753760288', 'RU', 'RU')
('9575547969', '+775547969', 'RU', 'RU')
('9078059781', '+778059781', 'RU', 'RU')
('7517636433', '+7517636433', 'KZ', 'KZ')
('8172491116', '+772491116', 'RU', 'RU')
('8654671121', '+754671121', 'RU', 'RU')
('9046123199', '+746123199', 'RU', 'RU')
('3497064615', '+797064615', 'RU', 'RU')
('9521692607', '+721692607', 'RU', 'RU')
('9783601124', '+79783601124', 'RU', 'RU')
('9085312996', '+785312996', 'RU', 'RU')
('9437643830', '+73764383', 'RU', 'RU')
('8796118981', '+78796118981', 'RU', 'RU')
('9167270222', '+767270222', 'RU', 'RU')
('8632894276', '+732894276', 'RU', 'RU')
('9980031343', '+70031343', 'RU', 'RU')
('8798274719', '+78798274719', 'RU', 'RU')
('9125686749', '+725686749', 'RU', 'RU')
('9556091096', '+756091096', 'RU', 'RU')
('3470287311', '+770287311', 'RU', 'RU')
('7072598564', '+7072598564', 'KZ', 'KZ')
('8366263852', '+78366263852', 'RU', 'RU')
('4828617114', '+728617114', 'RU', 'RU')
('9391806665', '+791806665', 'RU', 'RU')
('4874692295', '+774692295', 'RU', 'RU')
('4848762450', '+74876245', 'RU', 'RU')
('9642269635', '+72269635', 'RU', 'RU')
('3918230657', '+718230657', 'RU', 'RU')
('4844816277', '+744816277', 'RU', 'RU')
('9593256116', '+793256116', 'RU', 'RU')
('4921675565', '+721675565', 'RU', 'RU')
('9293465768', '+793465768', 'RU', 'RU')
('9519695719', '+719695719', 'RU', 'RU')
('8341964072', '+78341964072', 'RU', 'RU')
('7162849606', '+7162849606', 'KZ', 'KZ')
('+39028907190', '+3902890719', 'IT', 'IT')
('+628560446079', '+628560446079', 'ID', 'ID')
('9205808537', '+705808537', 'RU', 'RU')
('9239946526', '+739946526', 'RU', 'RU')
('9951891299', '+71891299', 'RU', 'RU')
('7775576483', '+7775576483', 'KZ', 'KZ')
('9107954422', '+707954422', 'RU', 'RU')
('4878214655', '+778214655', 'RU', 'RU')
('4830939617', '+730939617', 'RU', 'RU')
('9196391708', '+796391708', 'RU', 'RU')
('4854354423', '+754354423', 'RU', 'RU')
('9565169691', '+765169691', 'RU', 'RU')
('8671968525', '+771968525', 'RU', 'RU')
('4235025641', '+75025641', 'RU', 'RU')
('4713310416', '+713310416', 'RU', 'RU')
('9081333518', '+781333518', 'RU', 'RU')
('9222961220', '+72296122', 'RU', 'RU')
('9326643332', '+726643332', 'RU', 'RU')
('9651465071', '+71465071', 'RU', 'RU')
('4235919346', '+75919346', 'RU', 'RU')
('8175857950', '+77585795', 'RU', 'RU')
('9238559922', '+738559922', 'RU', 'RU')
('9890648020', '+79064802', 'RU', 'RU')
('8628381407', '+728381407', 'RU', 'RU')
('9447369961', '+747369961', 'RU', 'RU')
('4242695501', '+74242695501', 'RU', 'RU')
('9572801324', '+772801324', 'RU', 'RU')
('4939504201', '+739504201', 'RU', 'RU')
('7600979346', '+7600979346', 'KZ', 'KZ')
('9417032440', '+71703244', 'RU', 'RU')
('9413166830', '+71316683', 'RU', 'RU')
('8440383057', '+740383057', 'RU', 'RU')
('8149740637', '+749740637', 'RU', 'RU')
('7627242539', '+7627242539', 'KZ', 'KZ')
('9917214882', '+79917214882', 'RU', 'RU')
('8039922407', '+78039922407', 'RU', 'RU')
('9369129872', '+769129872', 'RU', 'RU')
('9804528890', '+70452889', 'RU', 'RU')
('9786754645', '+79786754645', 'RU', 'RU')
('9791019610', '+7979101961', 'RU', 'RU')
('9197755452', '+797755452', 'RU', 'RU')
('9799992172', '+79799992172', 'RU', 'RU')
('9394120363', '+794120363', 'RU', 'RU')
('8777895507', '+78777895507', 'RU', 'RU')
('9334170733', '+734170733', 'RU', 'RU')
('9475350236', '+775350236', 'RU', 'RU')
('9120709802', '+720709802', 'RU', 'RU')
('8405863937', '+705863937', 'RU', 'RU')
('9037148603', '+737148603', 'RU', 'RU')
('9672206261', '+72206261', 'RU', 'RU')
('8653820078', '+753820078', 'RU', 'RU')
('9616977737', '+76977737', 'RU', 'RU')
('9841496511', '+741496511', 'RU', 'RU')
('9814960665', '+714960665', 'RU', 'RU')
('9187280846', '+787280846', 'RU', 'RU')
('9747531420', '+7753142', 'RU', 'RU')
('8166329387', '+766329387', 'RU', 'RU')
('8459279200', '+7592792', 'RU', 'RU')
('8690733296', '+790733296', 'RU', 'RU')
('9881342620', '+78134262', 'RU', 'RU')
('7630046041', '+7630046041', 'KZ', 'KZ')
('9319805204', '+719805204', 'RU', 'RU')
('9332266677', '+732266677', 'RU', 'RU')
('9609451796', '+79451796', 'RU', 'RU')
('9878110573', '+778110573', 'RU', 'RU')
('7777209954', '+7777209954', 'KZ', 'KZ')
('9856547911', '+756547911', 'RU', 'RU')
('3452899441', '+752899441', 'RU', 'RU')
('8468934074', '+768934074', 'RU', 'RU')
('9942263565', '+72263565', 'RU', 'RU')
('9757806837', '+77806837', 'RU', 'RU')
('9223310937', '+723310937', 'RU', 'RU')
('9237581695', '+737581695', 'RU', 'RU')
('9395118277', '+795118277', 'RU', 'RU')
('9721148664', '+71148664', 'RU', 'RU')
('7005785600', '+70057856', 'KZ', 'KZ')
('3428687255', '+728687255', 'RU', 'RU')
('8437103797', '+737103797', 'RU', 'RU')
('3816904758', '+76904758', 'RU', 'RU')
('4938321919', '+738321919', 'RU', 'RU')
('9295677561', '+795677561', 'RU', 'RU')
('3437806134', '+737806134', 'RU', 'RU')
('9529017322', '+729017322', 'RU', 'RU')
('3917439767', '+717439767', 'RU', 'RU')
('9865536661', '+765536661', 'RU', 'RU')
('+64210820977', '+64210820977', 'NZ', 'NZ')
('+39333166173', '+39333166173', 'IT', 'IT')
('8783939201', '+78783939201', 'RU', 'RU')
('+628133703327', '+628133703327', 'ID', 'ID')
('532227295', '+532227295', 'CU', 'CU')
('3015136116', '+715136116', 'RU', 'RU')
('9253037986', '+753037986', 'RU', 'RU')
('9615188081', '+75188081', 'RU', 'RU')
('9452377883', '+752377883', 'RU', 'RU')
('9010498011', '+710498011', 'RU', 'RU')
('9283379921', '+783379921', 'RU', 'RU')
('9158062221', '+758062221', 'RU', 'RU')
('9176468829', '+776468829', 'RU', 'RU')
('8217051778', '+717051778', 'RU', 'RU')
('+43664450380', '+4366445038', 'AT', 'AT')
('+27 84606401', '+2784606401', 'ZA', 'ZA')
('9643934929', '+73934929', 'RU', 'RU')
('9133135148', '+733135148', 'RU', 'RU')
('9911184402', '+79911184402', 'RU', 'RU')
('8415678734', '+715678734', 'RU', 'RU')
('9360417158', '+760417158', 'RU', 'RU')
('4744079171', '+744079171', 'RU', 'RU')
('8451834378', '+751834378', 'RU', 'RU')
('8616467224', '+716467224', 'RU', 'RU')
('9870671295', '+770671295', 'RU', 'RU')
('8731090582', '+78731090582', 'RU', 'RU')
('9682049387', '+72049387', 'RU', 'RU')
('4985172182', '+785172182', 'RU', 'RU')
('9192149059', '+792149059', 'RU', 'RU')
('9145941570', '+74594157', 'RU', 'RU')
('9413684328', '+713684328', 'RU', 'RU')
('9249138066', '+749138066', 'RU', 'RU')
('9725441128', '+75441128', 'RU', 'RU')
('9496124982', '+796124982', 'RU', 'RU')
('8458574186', '+758574186', 'RU', 'RU')
('9163564278', '+763564278', 'RU', 'RU')
('4014722798', '+714722798', 'RU', 'RU')
('9158124005', '+758124005', 'RU', 'RU')
('7620306973', '+7620306973', 'KZ', 'KZ')
('9940082532', '+70082532', 'RU', 'RU')
('9022079794', '+722079794', 'RU', 'RU')
('8630358010', '+73035801', 'RU', 'RU')
('9346866240', '+74686624', 'RU', 'RU')
('8147449672', '+747449672', 'RU', 'RU')
('4738317923', '+738317923', 'RU', 'RU')
('4827413368', '+727413368', 'RU', 'RU')
('7087399709', '+7087399709', 'KZ', 'KZ')
('+628123551859', '+628123551859', 'ID', 'ID')
('7855513294', '+7855513294', 'KZ', 'KZ')
('4240320864', '+74240320864', 'RU', 'RU')
('8784871611', '+78784871611', 'RU', 'RU')
('4818287532', '+718287532', 'RU', 'RU')
('8098389973', '+78098389973', 'RU', 'RU')
('9071083379', '+771083379', 'RU', 'RU')
('7611260155', '+7611260155', 'KZ', 'KZ')
('8668412064', '+768412064', 'RU', 'RU')
('4213709627', '+73709627', 'RU', 'RU')
('4860337683', '+760337683', 'RU', 'RU')
('8619069783', '+719069783', 'RU', 'RU')
('3811043578', '+71043578', 'RU', 'RU')
('3951543998', '+751543998', 'RU', 'RU')
('9820695767', '+720695767', 'RU', 'RU')
('4018619872', '+718619872', 'RU', 'RU')
('8720351806', '+78720351806', 'RU', 'RU')
('3945973248', '+745973248', 'RU', 'RU')
('3839562907', '+79562907', 'RU', 'RU')
('3813489588', '+73489588', 'RU', 'RU')
('3912631841', '+712631841', 'RU', 'RU')
('9215804875', '+715804875', 'RU', 'RU')
('4162111606', '+762111606', 'RU', 'RU')
('8427514684', '+727514684', 'RU', 'RU')
('9289130491', '+789130491', 'RU', 'RU')
('3434503832', '+734503832', 'RU', 'RU')
('9583440300', '+7834403', 'RU', 'RU')
('8115348697', '+715348697', 'RU', 'RU')
('9751337398', '+71337398', 'RU', 'RU')
('3427777810', '+72777781', 'RU', 'RU')
('9056635039', '+756635039', 'RU', 'RU')
('9916184210', '+7991618421', 'RU', 'RU')
('9018834651', '+718834651', 'RU', 'RU')
('9800167989', '+700167989', 'RU', 'RU')
('9380634631', '+780634631', 'RU', 'RU')
('4937690630', '+73769063', 'RU', 'RU')
('4169854811', '+769854811', 'RU', 'RU')
('4944279314', '+744279314', 'RU', 'RU')
('3438907633', '+738907633', 'RU', 'RU')
('9238051518', '+738051518', 'RU', 'RU')
('8094919873', '+78094919873', 'RU', 'RU')
('4851563510', '+75156351', 'RU', 'RU')
('3822241070', '+7224107', 'RU', 'RU')
('3513155015', '+73155015', 'RU', 'RU')
('9531282704', '+731282704', 'RU', 'RU')
('9371578500', '+7715785', 'RU', 'RU')
('3836238118', '+76238118', 'RU', 'RU')
('9317818658', '+717818658', 'RU', 'RU')
('9080693610', '+78069361', 'RU', 'RU')
('9575224099', '+775224099', 'RU', 'RU')
('9290864069', '+790864069', 'RU', 'RU')
('7028279375', '+7028279375', 'KZ', 'KZ')
('3956306917', '+756306917', 'RU', 'RU')
('7474924886', '+7474924886', 'KZ', 'KZ')
('9337858207', '+737858207', 'RU', 'RU')
('9441237732', '+741237732', 'RU', 'RU')
('4277955316', '+74277955316', 'RU', 'RU')
('9699202502', '+79699202502', 'RU', 'RU')
('4985179040', '+78517904', 'RU', 'RU')
('8612208951', '+712208951', 'RU', 'RU')
('3944878195', '+744878195', 'RU', 'RU')
('9962799446', '+72799446', 'RU', 'RU')
('7292718562', '+7292718562', 'KZ', 'KZ')
('4239351860', '+7935186', 'RU', 'RU')
('9988520535', '+78520535', 'RU', 'RU')
('8116528201', '+716528201', 'RU', 'RU')
('9202439343', '+702439343', 'RU', 'RU')
('4980749403', '+780749403', 'RU', 'RU')
('9304896332', '+704896332', 'RU', 'RU')
('9136510846', '+736510846', 'RU', 'RU')
('9479456166', '+779456166', 'RU', 'RU')
('9266645218', '+766645218', 'RU', 'RU')
('3465533177', '+765533177', 'RU', 'RU')
('9604131772', '+74131772', 'RU', 'RU')
('9752455667', '+72455667', 'RU', 'RU')
('9566868383', '+766868383', 'RU', 'RU')
('9118356256', '+718356256', 'RU', 'RU')
('4214867859', '+74867859', 'RU', 'RU')
('4135548592', '+735548592', 'RU', 'RU')
('9357327499', '+757327499', 'RU', 'RU')
('9203225425', '+703225425', 'RU', 'RU')
('4817955592', '+717955592', 'RU', 'RU')
('9167395687', '+767395687', 'RU', 'RU')
('9161197849', '+761197849', 'RU', 'RU')
('9122771432', '+722771432', 'RU', 'RU')
('9023040235', '+723040235', 'RU', 'RU')
('4936393664', '+736393664', 'RU', 'RU')
('9709287656', '+79287656', 'RU', 'RU')
('8187281393', '+787281393', 'RU', 'RU')
('9482817250', '+78281725', 'RU', 'RU')
('3513439262', '+73439262', 'RU', 'RU')
('4915397749', '+715397749', 'RU', 'RU')
('8313185956', '+78313185956', 'RU', 'RU')
('9709489501', '+79489501', 'RU', 'RU')
('8357598531', '+78357598531', 'RU', 'RU')
('8777232712', '+78777232712', 'RU', 'RU')
('7012776537', '+7012776537', 'KZ', 'KZ')
('8775166369', '+78775166369', 'RU', 'RU')
('9506315075', '+706315075', 'RU', 'RU')
('7017204347', '+7017204347', 'KZ', 'KZ')
('7750161867', '+7750161867', 'KZ', 'KZ')
('9448988114', '+748988114', 'RU', 'RU')
('8418151955', '+718151955', 'RU', 'RU')
('9314251260', '+71425126', 'RU', 'RU')
('8733978281', '+78733978281', 'RU', 'RU')
('3473336066', '+773336066', 'RU', 'RU')
('8482414445', '+782414445', 'RU', 'RU')
('8048232459', '+78048232459', 'RU', 'RU')
('9843472635', '+743472635', 'RU', 'RU')
('8176476993', '+776476993', 'RU', 'RU')
('9054264468', '+754264468', 'RU', 'RU')
('9075326529', '+775326529', 'RU', 'RU')
('8318594599', '+78318594599', 'RU', 'RU')
('4851022425', '+751022425', 'RU', 'RU')
('7623718362', '+7623718362', 'KZ', 'KZ')
('8368794377', '+78368794377', 'RU', 'RU')
('8480413657', '+780413657', 'RU', 'RU')
('9152842169', '+752842169', 'RU', 'RU')
('9191283741', '+791283741', 'RU', 'RU')
('9589907438', '+789907438', 'RU', 'RU')
('4879524613', '+779524613', 'RU', 'RU')
('8727122442', '+78727122442', 'RU', 'RU')
('9067791645', '+767791645', 'RU', 'RU')
('9243694556', '+743694556', 'RU', 'RU')
('9303248971', '+703248971', 'RU', 'RU')
('3848424565', '+73848424565', 'RU', 'RU')
('9193070049', '+793070049', 'RU', 'RU')
('4915053309', '+715053309', 'RU', 'RU')
('7015463061', '+7015463061', 'KZ', 'KZ')
('9723623562', '+73623562', 'RU', 'RU')
('9464385917', '+764385917', 'RU', 'RU')
('8711817440', '+7871181744', 'RU', 'RU')
('9916189620', '+7991618962', 'RU', 'RU')
('9477391462', '+777391462', 'RU', 'RU')
('951385325', '+951385325', 'MM', 'MM')
('628569133138', '+628569133138', 'ID', 'ID')
('9566127431', '+766127431', 'RU', 'RU')
('9694147380', '+7969414738', 'RU', 'RU')
('7615909592', '+7615909592', 'KZ', 'KZ')
('3520752805', '+70752805', 'RU', 'RU')
('8365499410', '+7836549941', 'RU', 'RU')
('9031005991', '+731005991', 'RU', 'RU')
('4240098961', '+74240098961', 'RU', 'RU')
('9998497016', '+79998497016', 'RU', 'RU')
('9602520086', '+72520086', 'RU', 'RU')
('9002687944', '+702687944', 'RU', 'RU')
('8771474277', '+78771474277', 'RU', 'RU')
('3421615241', '+721615241', 'RU', 'RU')
('9670370765', '+70370765', 'RU', 'RU')
('9553624818', '+753624818', 'RU', 'RU')
('3946874499', '+746874499', 'RU', 'RU')
('4821438601', '+721438601', 'RU', 'RU')
('9200692299', '+700692299', 'RU', 'RU')
('9755893987', '+75893987', 'RU', 'RU')
('7718054186', '+7718054186', 'KZ', 'KZ')
('7225670697', '+7225670697', 'KZ', 'KZ')
('8450795665', '+750795665', 'RU', 'RU')
('9451012292', '+751012292', 'RU', 'RU')
('7273369379', '+7273369379', 'KZ', 'KZ')
('9708510490', '+7851049', 'RU', 'RU')
('4955168017', '+755168017', 'RU', 'RU')
('8714795144', '+78714795144', 'RU', 'RU')
('9888111846', '+788111846', 'RU', 'RU')
('9788409625', '+79788409625', 'RU', 'RU')
('3422166175', '+722166175', 'RU', 'RU')
('9529160588', '+729160588', 'RU', 'RU')
('8782036380', '+7878203638', 'RU', 'RU')
('4233537487', '+73537487', 'RU', 'RU')
('8152509526', '+752509526', 'RU', 'RU')
('3015309500', '+7153095', 'RU', 'RU')
('8404585078', '+704585078', 'RU', 'RU')
('8426745512', '+726745512', 'RU', 'RU')
('9310976087', '+710976087', 'RU', 'RU')
('9678747215', '+78747215', 'RU', 'RU')
('9011987238', '+711987238', 'RU', 'RU')
('7604465426', '+7604465426', 'KZ', 'KZ')
('7011216631', '+7011216631', 'KZ', 'KZ')
('7163684851', '+7163684851', 'KZ', 'KZ')
('9095016268', '+795016268', 'RU', 'RU')
('7067601205', '+7067601205', 'KZ', 'KZ')
('9931100807', '+71100807', 'RU', 'RU')
('4740897012', '+740897012', 'RU', 'RU')
('9812565474', '+712565474', 'RU', 'RU')
('8690941220', '+79094122', 'RU', 'RU')
('9124400455', '+724400455', 'RU', 'RU')
('9951147853', '+71147853', 'RU', 'RU')
('9243027702', '+743027702', 'RU', 'RU')
('9778194569', '+78194569', 'RU', 'RU')
('4713411285', '+713411285', 'RU', 'RU')
('3943799604', '+743799604', 'RU', 'RU')
('9057010546', '+757010546', 'RU', 'RU')
('9839405547', '+739405547', 'RU', 'RU')
('95238645', '+95238645', 'MM', 'MM')
('9883694580', '+78369458', 'RU', 'RU')
('7757383959', '+7757383959', 'KZ', 'KZ')
('9775600458', '+75600458', 'RU', 'RU')
('4967053813', '+767053813', 'RU', 'RU')
('4752607082', '+752607082', 'RU', 'RU')
('4245019287', '+74245019287', 'RU', 'RU')
('7765234146', '+7765234146', 'KZ', 'KZ')
('9153928825', '+753928825', 'RU', 'RU')
('9931158789', '+71158789', 'RU', 'RU')
('4866245610', '+76624561', 'RU', 'RU')
('7163589922', '+7163589922', 'KZ', 'KZ')
('9426634145', '+726634145', 'RU', 'RU')
('3430634071', '+730634071', 'RU', 'RU')
('7764611733', '+7764611733', 'KZ', 'KZ')
('9266008797', '+766008797', 'RU', 'RU')
('9645696521', '+75696521', 'RU', 'RU')
('8186472349', '+786472349', 'RU', 'RU')
('9018463007', '+718463007', 'RU', 'RU')
('9474751525', '+774751525', 'RU', 'RU')
('9980192239', '+70192239', 'RU', 'RU')
('9766074484', '+76074484', 'RU', 'RU')
('49230329031', '+49230329031', 'DE', 'DE')
('4955609242', '+755609242', 'RU', 'RU')
('7068324348', '+7068324348', 'KZ', 'KZ')
('9233641005', '+733641005', 'RU', 'RU')
('9480976759', '+780976759', 'RU', 'RU')
('8359005856', '+78359005856', 'RU', 'RU')
('4746592414', '+746592414', 'RU', 'RU')
('9585618160', '+78561816', 'RU', 'RU')
('9143564534', '+743564534', 'RU', 'RU')
('9108859976', '+708859976', 'RU', 'RU')
('9938107242', '+78107242', 'RU', 'RU')
('3858542810', '+7854281', 'RU', 'RU')
('9807724353', '+707724353', 'RU', 'RU')
('9771161787', '+71161787', 'RU', 'RU')
('8432328909', '+732328909', 'RU', 'RU')
('9918189977', '+79918189977', 'RU', 'RU')
('7027922275', '+7027922275', 'KZ', 'KZ')
('4932175487', '+732175487', 'RU', 'RU')
('9560847560', '+76084756', 'RU', 'RU')
('7641114829', '+7641114829', 'KZ', 'KZ')
('7617826465', '+7617826465', 'KZ', 'KZ')
('7518077348', '+7518077348', 'KZ', 'KZ')
('9699738244', '+79699738244', 'RU', 'RU')
('9208695951', '+708695951', 'RU', 'RU')
('7005613135', '+7005613135', 'KZ', 'KZ')
('9575565005', '+775565005', 'RU', 'RU')
('8345298610', '+7834529861', 'RU', 'RU')
('8721918393', '+78721918393', 'RU', 'RU')
('8003316190', '+7800331619', 'RU', 'RU')
('7646169785', '+7646169785', 'KZ', 'KZ')
('9525575461', '+725575461', 'RU', 'RU')
('7014547342', '+7014547342', 'KZ', 'KZ')
('8111054931', '+711054931', 'RU', 'RU')
('4163454811', '+763454811', 'RU', 'RU')
('9394814268', '+794814268', 'RU', 'RU')
('9650335242', '+70335242', 'RU', 'RU')
('9276913633', '+776913633', 'RU', 'RU')
('8213119378', '+713119378', 'RU', 'RU')
('9296421891', '+796421891', 'RU', 'RU')
('9240237743', '+740237743', 'RU', 'RU')
('8720535884', '+78720535884', 'RU', 'RU')
('9590076164', '+790076164', 'RU', 'RU')
('9580935364', '+780935364', 'RU', 'RU')
('7283862926', '+7283862926', 'KZ', 'KZ')
('8622124679', '+722124679', 'RU', 'RU')
('3455814989', '+755814989', 'RU', 'RU')
('3534301896', '+74301896', 'RU', 'RU')
('9525626733', '+725626733', 'RU', 'RU')
('4933088536', '+733088536', 'RU', 'RU')
('4858218316', '+758218316', 'RU', 'RU')
('8731108183', '+78731108183', 'RU', 'RU')
('4744130283', '+744130283', 'RU', 'RU')
('9722110883', '+72110883', 'RU', 'RU')
('7023115184', '+7023115184', 'KZ', 'KZ')
('9732185138', '+72185138', 'RU', 'RU')
('9791099342', '+79791099342', 'RU', 'RU')
('4275974391', '+74275974391', 'RU', 'RU')
('9969690017', '+79690017', 'RU', 'RU')
('9406206253', '+706206253', 'RU', 'RU')
('9548684063', '+748684063', 'RU', 'RU')
('9655324867', '+75324867', 'RU', 'RU')
('9784915469', '+79784915469', 'RU', 'RU')
('8719844559', '+78719844559', 'RU', 'RU')
('9769815346', '+79815346', 'RU', 'RU')
('9269530881', '+769530881', 'RU', 'RU')
('8007398011', '+78007398011', 'RU', 'RU')
('4273335769', '+74273335769', 'RU', 'RU')
('8123565075', '+723565075', 'RU', 'RU')
('9742816513', '+72816513', 'RU', 'RU')
('9135881129', '+735881129', 'RU', 'RU')
('4012627633', '+712627633', 'RU', 'RU')
('3020279528', '+720279528', 'RU', 'RU')
('4916147108', '+716147108', 'RU', 'RU')
('7080420605', '+7080420605', 'KZ', 'KZ')
('954532696', '+954532696', 'MM', 'MM')
('8515038529', '+78515038529', 'RU', 'RU')
('9865467152', '+765467152', 'RU', 'RU')
('8009926077', '+78009926077', 'RU', 'RU')
('9084916476', '+784916476', 'RU', 'RU')
('8203357499', '+703357499', 'RU', 'RU')
('9052864327', '+752864327', 'RU', 'RU')
('4135705779', '+735705779', 'RU', 'RU')
('9403524344', '+703524344', 'RU', 'RU')
('4219923569', '+79923569', 'RU', 'RU')
('9996377975', '+79996377975', 'RU', 'RU')
('8153964416', '+753964416', 'RU', 'RU')
('7132113361', '+7132113361', 'KZ', 'KZ')
('3653983084', '+753983084', 'RU', 'RU')
('8355112904', '+78355112904', 'RU', 'RU')
('9108124126', '+708124126', 'RU', 'RU')
('9594742160', '+79474216', 'RU', 'RU')
('4757755571', '+757755571', 'RU', 'RU')
('4130194446', '+730194446', 'RU', 'RU')
('9631395339', '+71395339', 'RU', 'RU')
('8442864038', '+742864038', 'RU', 'RU')
('4876010423', '+776010423', 'RU', 'RU')
('9607952920', '+7795292', 'RU', 'RU')
('8208074730', '+70807473', 'RU', 'RU')
('3882461883', '+73882461883', 'RU', 'RU')
('8048797656', '+78048797656', 'RU', 'RU')
('9327148149', '+727148149', 'RU', 'RU')
('9985314983', '+75314983', 'RU', 'RU')
('7003137431', '+7003137431', 'KZ', 'KZ')
('9950678497', '+70678497', 'RU', 'RU')
('8716713397', '+78716713397', 'RU', 'RU')
('4843280614', '+743280614', 'RU', 'RU')
('9039787950', '+73978795', 'RU', 'RU')
('9997071755', '+79997071755', 'RU', 'RU')
('8038815168', '+78038815168', 'RU', 'RU')
('3029578881', '+729578881', 'RU', 'RU')
('9120164648', '+720164648', 'RU', 'RU')
('9576561085', '+776561085', 'RU', 'RU')
('3454155544', '+754155544', 'RU', 'RU')
('8206610580', '+70661058', 'RU', 'RU')
('4871487526', '+771487526', 'RU', 'RU')
('8176331210', '+77633121', 'RU', 'RU')
('9470035018', '+770035018', 'RU', 'RU')
('9636068675', '+76068675', 'RU', 'RU')
('4711495511', '+711495511', 'RU', 'RU')
('3904869032', '+704869032', 'RU', 'RU')
('9742009860', '+7200986', 'RU', 'RU')
('9507928711', '+707928711', 'RU', 'RU')
('4949737936', '+749737936', 'RU', 'RU')
('9806657764', '+706657764', 'RU', 'RU')
('9158191671', '+758191671', 'RU', 'RU')
('8654486096', '+754486096', 'RU', 'RU')
('9048366615', '+748366615', 'RU', 'RU')
('9697713212', '+79697713212', 'RU', 'RU')
('3430065534', '+730065534', 'RU', 'RU')
('7750566102', '+7750566102', 'KZ', 'KZ')
('3510861779', '+70861779', 'RU', 'RU')
('7788833446', '+7788833446', 'KZ', 'KZ')
('9890884670', '+79088467', 'RU', 'RU')
('9620260556', '+70260556', 'RU', 'RU')
('7776626127', '+7776626127', 'KZ', 'KZ')
('9158357199', '+758357199', 'RU', 'RU')
('3517581753', '+77581753', 'RU', 'RU')
('8151347840', '+75134784', 'RU', 'RU')
('9306362374', '+706362374', 'RU', 'RU')
('9167857861', '+767857861', 'RU', 'RU')
('9431007818', '+731007818', 'RU', 'RU')
('8730285627', '+78730285627', 'RU', 'RU')
('8721727886', '+78721727886', 'RU', 'RU')
('9758900115', '+78900115', 'RU', 'RU')
('3951548911', '+751548911', 'RU', 'RU')
('8037727874', '+78037727874', 'RU', 'RU')
('8316180701', '+78316180701', 'RU', 'RU')
('8363850244', '+78363850244', 'RU', 'RU')
('3014328276', '+714328276', 'RU', 'RU')
('9608050986', '+78050986', 'RU', 'RU')
('9798203442', '+79798203442', 'RU', 'RU')
('3496878247', '+796878247', 'RU', 'RU')
('3023030702', '+723030702', 'RU', 'RU')
('8776348626', '+78776348626', 'RU', 'RU')
('7013243990', '+701324399', 'KZ', 'KZ')
('3828037238', '+78037238', 'RU', 'RU')
('9271115641', '+771115641', 'RU', 'RU')
('9327957030', '+72795703', 'RU', 'RU')
('9799248478', '+79799248478', 'RU', 'RU')
('9952136892', '+72136892', 'RU', 'RU')
('15237185856', '+15237185856', 'US', 'US')
('+49 040 27 140 90 ', '+49040271409', 'DE', 'DE')
('628572970838', '+628572970838', 'ID', 'ID')
('9403914641', '+703914641', 'RU', 'RU')
('7001767723', '+7001767723', 'KZ', 'KZ')
('7763898141', '+7763898141', 'KZ', 'KZ')
('7013599242', '+7013599242', 'KZ', 'KZ')
('9295023105', '+795023105', 'RU', 'RU')
('9618916365', '+78916365', 'RU', 'RU')
('7010107592', '+7010107592', 'KZ', 'KZ')
('4242211749', '+74242211749', 'RU', 'RU')
('3834511759', '+74511759', 'RU', 'RU')
('9417993367', '+717993367', 'RU', 'RU')
('8616119168', '+716119168', 'RU', 'RU')
('886-22911959', '+722911959', 'RU', 'RU')
('3812664842', '+72664842', 'RU', 'RU')
('8353490712', '+78353490712', 'RU', 'RU')
('9507655082', '+707655082', 'RU', 'RU')
('7023372259', '+7023372259', 'KZ', 'KZ')
('4274492352', '+74274492352', 'RU', 'RU')
('7783049264', '+7783049264', 'KZ', 'KZ')
('7718666850', '+771866685', 'KZ', 'KZ')
('8716116332', '+78716116332', 'RU', 'RU')
('8187385283', '+787385283', 'RU', 'RU')
('9237655608', '+737655608', 'RU', 'RU')
('3425431086', '+725431086', 'RU', 'RU')
('9169470867', '+769470867', 'RU', 'RU')
('9766476814', '+76476814', 'RU', 'RU')
('9762759350', '+7275935', 'RU', 'RU')
('4817186860', '+71718686', 'RU', 'RU')
('8773119751', '+78773119751', 'RU', 'RU')
('3913062046', '+713062046', 'RU', 'RU')
('9129298157', '+729298157', 'RU', 'RU')
('9633465432', '+73465432', 'RU', 'RU')
('9652875359', '+72875359', 'RU', 'RU')
('3837747549', '+77747549', 'RU', 'RU')
('3418160604', '+718160604', 'RU', 'RU')
('8718775986', '+78718775986', 'RU', 'RU')
('8205268753', '+705268753', 'RU', 'RU')
('9263972139', '+763972139', 'RU', 'RU')
('9770486038', '+70486038', 'RU', 'RU')
('9342073741', '+742073741', 'RU', 'RU')
('9849361587', '+749361587', 'RU', 'RU')
('3416891163', '+716891163', 'RU', 'RU')
('9767086790', '+7708679', 'RU', 'RU')
('9284082588', '+784082588', 'RU', 'RU')
('9090098870', '+79009887', 'RU', 'RU')
('9846713857', '+746713857', 'RU', 'RU')
('4915915776', '+715915776', 'RU', 'RU')
('9459515118', '+759515118', 'RU', 'RU')
('8156102326', '+756102326', 'RU', 'RU')
('9491325736', '+791325736', 'RU', 'RU')
('3818233783', '+78233783', 'RU', 'RU')
('4156096456', '+756096456', 'RU', 'RU')
('8787729209', '+78787729209', 'RU', 'RU')
('9557220883', '+757220883', 'RU', 'RU')
('9511503010', '+71150301', 'RU', 'RU')
('9817371990', '+71737199', 'RU', 'RU')
('3650939257', '+750939257', 'RU', 'RU')
('8114836044', '+714836044', 'RU', 'RU')
('3842313300', '+738423133', 'RU', 'RU')
('9010179204', '+710179204', 'RU', 'RU')
('9360803050', '+76080305', 'RU', 'RU')
('9525654398', '+725654398', 'RU', 'RU')
('9801245982', '+701245982', 'RU', 'RU')
('8044077994', '+78044077994', 'RU', 'RU')
('9663081592', '+73081592', 'RU', 'RU')
('9985120354', '+75120354', 'RU', 'RU')
('8097941378', '+78097941378', 'RU', 'RU')
('7510848947', '+7510848947', 'KZ', 'KZ')
('9605903761', '+75903761', 'RU', 'RU')
('9523007250', '+72300725', 'RU', 'RU')
('9877326497', '+777326497', 'RU', 'RU')
('4249223251', '+74249223251', 'RU', 'RU')
('7471459708', '+7471459708', 'KZ', 'KZ')
('8782723298', '+78782723298', 'RU', 'RU')
('3027297522', '+727297522', 'RU', 'RU')
('4019844671', '+719844671', 'RU', 'RU')
('9289470193', '+789470193', 'RU', 'RU')
('4245199050', '+7424519905', 'RU', 'RU')
('4247014590', '+7424701459', 'RU', 'RU')
('7022312101', '+7022312101', 'KZ', 'KZ')
('9997234778', '+79997234778', 'RU', 'RU')
('7026404417', '+7026404417', 'KZ', 'KZ')
('9191940671', '+791940671', 'RU', 'RU')
('9296386263', '+796386263', 'RU', 'RU')
('9448430964', '+748430964', 'RU', 'RU')
('7638638960', '+763863896', 'KZ', 'KZ')
('8080313042', '+78080313042', 'RU', 'RU')
('4712260035', '+712260035', 'RU', 'RU')
('3905064683', '+705064683', 'RU', 'RU')
('9223412370', '+72341237', 'RU', 'RU')
('7284212186', '+7284212186', 'KZ', 'KZ')
('7114295982', '+7114295982', 'KZ', 'KZ')
('9439766666', '+739766666', 'RU', 'RU')
('8460107245', '+760107245', 'RU', 'RU')
('8045162523', '+78045162523', 'RU', 'RU')
('9136760674', '+736760674', 'RU', 'RU')
('3819015768', '+79015768', 'RU', 'RU')
('8345033396', '+78345033396', 'RU', 'RU')
('9692602257', '+79692602257', 'RU', 'RU')
('9655416597', '+75416597', 'RU', 'RU')
('9708579552', '+78579552', 'RU', 'RU')
('4279248769', '+74279248769', 'RU', 'RU')
('9012228757', '+712228757', 'RU', 'RU')
('9387453492', '+787453492', 'RU', 'RU')
('3823061685', '+73061685', 'RU', 'RU')
('4994649395', '+794649395', 'RU', 'RU')
('4915132489', '+715132489', 'RU', 'RU')
('8655803881', '+755803881', 'RU', 'RU')
('9741687096', '+71687096', 'RU', 'RU')
('4916272091', '+716272091', 'RU', 'RU')